step,env,success,steps,force_peak_N,contact_flips,attitude_rms_rad,angspd_rms_rad_s,wrist_tau_peak_Nm,wrist_fxy_peak_N,wrist_tauz_peak_Nm,wrist_f_peak_N,wrist_fz_peak_N
449,0,1,449,114.54,57,0.12633,0.08099,5.735,8.725,5.73,21.945,20.136
449,1,1,449,101.324,39,0.03413,0.05451,6.227,9.324,6.1301,23.453,23.318
449,2,1,449,103.05,63,0.05698,0.05826,6.4135,9.776,5.7957,13.858,10.323
449,3,1,449,110.126,41,0.01447,0.03809,5.6923,7.43,5.6565,8.363,8.155
449,4,1,449,146.973,41,0.03153,0.06971,5.8983,8.933,5.7702,10.598,8.285
449,5,1,449,11.793,49,0.03223,0.03215,5.3103,9.115,4.5675,9.983,9.675
449,6,0,449,583.682,15,0.04078,0.0342,8.8837,22.742,4.5985,29.67,22.569
449,7,1,449,130.169,41,0.02165,0.05968,6.5558,12.722,5.6477,14.738,8.063
449,8,1,449,188.812,31,0.02103,0.04502,8.3194,15.407,6.174,17.329,16.015
449,9,1,449,142.402,91,0.07023,0.06355,6.9041,15.272,5.8893,15.997,12.729
449,10,1,449,73.559,51,0.03635,0.06145,5.6373,8.134,5.5407,9.153,8.343
449,11,0,449,18.92,79,0.03133,0.01707,7.9606,24.892,4.5844,25.336,8.868
449,12,1,449,107.443,55,0.02705,0.05364,5.8033,9.94,5.4494,9.99,8.211
449,13,1,449,101.219,69,0.01838,0.07433,7.0501,20.815,6.076,22.088,22.012
449,14,1,449,127.1,67,0.01655,0.05015,6.4393,9.968,6.2744,10.526,8.234
449,15,1,449,89.13,57,0.09046,0.07483,6.3107,14.674,5.5803,15.21,8.093
449,16,1,449,104.482,73,0.03968,0.04978,6.2248,9.921,5.4825,49.708,48.708
449,17,1,449,74.038,39,0.02377,0.05317,6.3046,14.159,5.8744,27.729,26.177
449,18,1,449,19.687,63,0.06054,0.04873,8.1923,18.594,5.1866,18.967,9.962
449,19,1,449,172.17,113,0.13084,0.0969,7.5833,14.604,6.0922,14.783,9.912
449,20,1,449,143.251,69,0.09278,0.08015,5.7468,13.949,5.7263,41.683,41.352
449,21,1,449,69.702,45,0.05686,0.03949,6.8143,13.448,6.5646,13.448,10.277
449,22,0,449,32.587,9,0.14906,0.0376,6.6159,13.995,4.5402,20.331,19.546
449,23,1,449,208.655,33,0.03946,0.0599,7.7167,19.263,6.0373,27.588,21.391
449,24,1,449,174.883,83,0.05654,0.06288,6.4744,14.178,6.0549,16.25,9.032
449,25,1,449,106.599,71,0.13252,0.08066,6.5183,14.988,5.9295,16.587,8.547
449,26,1,449,177.222,71,0.03867,0.05449,6.0046,8.056,5.9891,18.979,18.942
449,27,1,449,50.367,43,0.04713,0.05209,5.7515,13.116,4.9251,28.326,25.106
449,28,1,449,109.115,29,0.01785,0.04789,5.9403,9.122,5.8694,10.505,9.911
449,29,0,449,16.065,193,0.32333,0.07255,5.2893,6.707,4.7271,10.479,9.386
449,30,1,449,112.57,57,0.02732,0.05303,6.1839,8.439,5.7847,44.744,44.57
449,31,1,449,90.397,57,0.05306,0.0481,5.7974,22.668,5.7097,23.735,9.591
449,32,0,449,103.765,5,0.18859,0.06286,7.0119,18.112,4.5261,45.58,45.433
449,33,1,449,70.53,25,0.03503,0.0578,6.2825,13.758,5.6472,15.0,9.48
449,34,1,449,59.834,63,0.05333,0.05932,6.0285,10.909,5.7975,18.119,17.496
449,35,1,449,99.885,51,0.02089,0.0398,5.7801,9.399,5.6368,9.449,8.187
449,36,0,449,44.741,121,0.24607,0.05055,5.7001,9.396,4.8065,9.857,6.842
449,37,1,449,190.742,65,0.14141,0.09351,6.0087,11.797,5.9345,54.152,53.047
449,38,1,449,85.192,31,0.02631,0.04392,6.1459,10.543,5.764,10.698,8.135
449,39,0,449,14.028,168,0.32161,0.07091,5.6297,7.835,4.7867,9.78,6.708
449,40,1,449,156.141,53,0.03294,0.05732,7.1259,10.212,7.0199,17.152,16.942
449,41,1,449,29.282,15,0.01506,0.02954,5.525,7.916,4.8797,9.253,8.39
449,42,1,449,118.429,59,0.03843,0.05089,7.6835,17.243,5.9901,17.374,12.929
449,43,1,449,81.431,57,0.08628,0.05414,8.4718,20.131,5.9224,20.133,9.311
449,44,1,449,49.029,61,0.08319,0.07421,7.2252,17.614,5.2916,26.877,25.01
449,45,1,449,163.469,93,0.07476,0.09595,6.8168,11.237,6.0705,11.237,7.992
449,46,1,449,27.233,47,0.03784,0.04581,5.6042,8.794,5.5856,9.453,7.994
449,47,1,449,71.591,73,0.1015,0.07038,6.1495,10.189,5.0449,11.568,9.705
449,48,1,449,67.249,57,0.04472,0.0512,6.4367,10.395,5.7445,10.403,8.206
449,49,1,449,117.39,25,0.01427,0.04234,7.0302,10.884,5.903,28.837,26.704
449,50,1,449,145.915,43,0.02687,0.04528,7.483,17.728,6.1186,28.374,26.484
449,51,0,449,122.421,171,0.33846,0.0804,7.4503,19.661,4.9092,67.942,65.035
449,52,1,449,104.103,71,0.0863,0.08292,6.6696,16.556,5.2312,17.376,8.265
449,53,1,449,123.289,23,0.01263,0.03553,6.0499,7.326,5.9963,8.301,8.095
449,54,1,449,95.789,35,0.01515,0.06274,6.3302,7.552,5.8225,14.568,12.727
449,55,1,449,132.517,55,0.08548,0.07085,6.7573,12.07,5.6167,13.22,7.969
449,56,1,449,142.186,43,0.0286,0.04824,6.183,12.442,5.9674,28.449,25.662
449,57,1,449,103.328,87,0.14083,0.07323,6.153,24.698,5.8114,52.706,46.561
449,58,1,449,126.95,35,0.02083,0.05853,5.8061,10.742,5.8025,12.508,8.428
449,59,1,449,39.928,43,0.01913,0.04356,6.6859,8.508,5.8398,8.868,8.277
449,60,1,449,97.532,51,0.01653,0.04257,6.2372,12.701,6.0904,12.75,9.991
449,61,1,449,235.471,53,0.08748,0.07613,6.2963,8.558,5.6959,8.844,8.716
449,62,0,449,18.7,132,0.24983,0.0521,5.6037,7.627,4.8117,9.76,9.479
449,63,1,449,47.952,77,0.08684,0.05629,6.6818,14.765,4.8253,14.915,8.979
449,64,1,449,160.987,93,0.08951,0.05706,6.6158,9.595,6.5371,24.992,23.992
449,65,1,449,62.044,77,0.06434,0.04519,6.2434,13.013,4.7383,13.383,8.248
449,66,0,449,8.268,103,0.25616,0.05139,5.4776,9.172,4.6409,9.857,4.951
449,67,0,449,100.288,93,0.25301,0.05376,5.3062,7.003,4.7677,44.849,44.472
449,68,1,449,128.524,39,0.02602,0.04713,6.209,11.869,6.176,12.223,8.187
449,69,1,449,117.156,77,0.07578,0.08042,7.125,9.63,6.4396,9.655,8.415
449,70,1,449,162.921,61,0.02972,0.04593,7.3324,13.273,6.04,15.967,10.965
449,71,0,449,13.999,3,0.1759,0.05773,7.5756,19.087,4.5459,19.138,8.404
449,72,1,449,437.636,55,0.0812,0.08285,6.4125,8.256,6.1706,12.605,9.524
449,73,1,449,34.874,81,0.11747,0.06008,8.6557,21.906,4.6545,22.062,10.941
449,74,1,449,220.801,121,0.06368,0.07961,6.6059,10.38,6.4251,11.216,10.544
449,75,1,449,96.195,61,0.06581,0.05545,5.9995,9.197,5.9895,9.247,8.197
449,76,1,449,75.201,43,0.0505,0.05447,6.0503,12.579,5.6567,21.921,20.091
449,77,1,449,117.569,77,0.06218,0.04715,6.0555,8.711,5.9632,9.412,9.408
449,78,0,449,17.712,13,0.10086,0.04082,6.8288,15.663,4.5084,15.845,10.376
449,79,1,449,110.384,89,0.07463,0.08531,7.8719,10.272,6.2093,20.515,17.808
449,80,1,449,119.712,65,0.05782,0.06677,5.9749,12.538,5.2705,18.436,18.427
449,81,1,449,41.03,97,0.04912,0.05024,5.9459,10.05,5.5119,10.138,8.334
449,82,1,449,40.518,39,0.02434,0.03723,7.2208,16.148,4.7692,16.308,9.24
449,83,0,449,9.204,7,0.16685,0.04615,7.2343,17.379,4.5648,17.464,6.169
449,84,1,449,28.587,39,0.09455,0.08607,6.1428,14.495,4.7909,22.587,22.333
449,85,1,449,17.536,83,0.0787,0.05832,5.777,8.666,4.7829,8.766,8.191
449,86,1,449,40.924,53,0.06133,0.05596,5.9854,10.407,5.1686,22.323,22.261
449,87,0,449,7.537,7,0.12984,0.02936,6.7116,15.435,4.5079,15.577,4.797
449,88,1,449,28.389,39,0.0401,0.05042,5.3012,10.33,4.8284,10.338,9.907
449,89,1,449,83.785,81,0.0819,0.05147,6.9043,16.78,5.8332,17.2,9.029
449,90,1,449,132.698,37,0.01677,0.05353,5.6556,10.412,5.5575,10.798,8.512
449,91,0,449,34.986,3,0.13027,0.04833,4.709,4.43,4.5631,15.741,15.734
449,92,1,449,39.302,41,0.05215,0.0401,5.885,8.688,5.8512,26.597,26.007
449,93,1,449,116.867,51,0.01643,0.03683,6.0737,10.336,5.5677,11.941,8.807
449,94,1,449,136.768,77,0.07286,0.06363,8.22,19.957,5.9773,20.453,11.366
449,95,0,449,7.817,117,0.24958,0.05138,5.2964,8.863,4.6718,9.761,4.753
449,96,1,449,58.631,31,0.02068,0.02904,5.5829,10.479,4.6796,34.287,34.038
449,97,1,449,107.867,45,0.01424,0.05359,5.9874,12.092,5.9378,14.035,9.822
449,98,1,449,84.772,49,0.04762,0.04906,6.5423,15.681,5.4809,16.188,8.91
449,99,1,449,104.426,55,0.03567,0.04589,6.7688,15.357,6.5164,16.869,8.348
